{
    "actorSpecification": 1,
    "name": "etsy-scraper",
    "title": "Etsy Scraper",
    "description": "Scrapes Etsy product listings, search results, categories, and seller shops. Extracts product details including name, price, images, seller info, variations, and more.",
    "version": "1.0",
    "meta": {
        "templateId": "js-crawlee-playwright-chrome"
    },
    "input": "./input_schema.json",
    "output": "./output_schema.json",
    "storages": {
        "dataset": "./dataset_schema.json"
    },
    "dockerfile": "../Dockerfile"
}