{
    "actorSpecification": 1,
    "fields": {},
    "views": {
        "overview": {
            "title": "Overview",
            "transformation": {
                "fields": [
                    "name",
                    "price",
                    "currency",
                    "url",
                    "seller.name",
                    "favorites"
                ]
            },
            "display": {
                "component": "table",
                "properties": {
                    "name": {
                        "label": "Product Name",
                        "format": "text"
                    },
                    "price": {
                        "label": "Price",
                        "format": "number"
                    },
                    "currency": {
                        "label": "Currency",
                        "format": "text"
                    },
                    "url": {
                        "label": "URL",
                        "format": "link"
                    },
                    "seller.name": {
                        "label": "Seller",
                        "format": "text"
                    },
                    "favorites": {
                        "label": "Favorites",
                        "format": "number"
                    }
                }
            }
        }
    }
}