{
    "title": "Etsy Scraper Input",
    "type": "object",
    "schemaVersion": 1,
    "properties": {
        "search": {
            "title": "Search Keywords",
            "type": "string",
            "description": "Keywords to search on Etsy. Leave empty if using startUrls.",
            "editor": "textfield"
        },
        "startUrls": {
            "title": "Start URLs",
            "type": "array",
            "description": "List of Etsy URLs to scrape. Can be product, search, category, or shop URLs.",
            "editor": "requestListSources",
            "prefill": []
        },
        "includeDescription": {
            "title": "Include Description",
            "type": "boolean",
            "description": "If true, fetches the full product description. May slow down scraping.",
            "default": false
        },
        "endPage": {
            "title": "End Page",
            "type": "integer",
            "description": "Maximum number of pages to scrape for search/category/shop results.",
            "default": 10,
            "minimum": 1,
            "maximum": 100
        },
        "maxItems": {
            "title": "Max Items",
            "type": "integer",
            "description": "Maximum number of items to scrape. Leave empty for no limit.",
            "minimum": 1
        },
        "proxy": {
            "title": "Proxy Configuration",
            "type": "object",
            "description": "Apify Proxy configuration. Recommended to use residential proxies for Etsy.",
            "editor": "proxy",
            "default": {
                "useApifyProxy": true,
                "apifyProxyGroups": [
                    "RESIDENTIAL"
                ]
            }
        }
    }
}