{
    "actorSpecification": 1,
    "name": "etsy-scraper",
    "title": "Etsy Scraper",
    "description": "Scrape valuable data from over 4 million Etsy sellers. Extract product details, descriptions, listed date, images, seller info, and more. Customize your searches and filters to gather the desired information effortlessly.",
    "version": "1.0",
    "meta": {
        "templateId": "js-crawlee-playwright-chrome"
    },
    "input": "./input_schema.json",
    "storages": {
        "dataset": {
            "actorSpecification": 1,
            "title": "Etsy Products",
            "description": "Scraped Etsy product data",
            "views": {
                "products": {
                    "title": "Products",
                    "transformation": {
                        "fields": [
                            "name",
                            "price",
                            "currency",
                            "url",
                            "seller.name",
                            "favorites",
                            "scrapedAt"
                        ]
                    },
                    "display": {
                        "component": "table",
                        "properties": {
                            "name": {
                                "label": "Product Name",
                                "format": "text"
                            },
                            "price": {
                                "label": "Price",
                                "format": "number"
                            },
                            "currency": {
                                "label": "Currency",
                                "format": "text"
                            },
                            "url": {
                                "label": "URL",
                                "format": "link"
                            },
                            "seller.name": {
                                "label": "Seller",
                                "format": "text"
                            },
                            "favorites": {
                                "label": "Favorites",
                                "format": "number"
                            },
                            "scrapedAt": {
                                "label": "Scraped At",
                                "format": "text"
                            }
                        }
                    }
                }
            }
        }
    },
    "dockerfile": "./Dockerfile"
}