{
    "title": "Etsy Scraper Input",
    "type": "object",
    "schemaVersion": 1,
    "properties": {
        "startUrls": {
            "title": "Start URLs",
            "type": "array",
            "description": "An actor that scrapes products from etsy.com",
            "editor": "requestListSources",
            "prefill": [
                {
                    "url": "https://www.etsy.com/listing/743657804/sheepskin-slippers-wool-slippers-fur?ga_order=most_relevant"
                },
                {
                    "url": "https://www.etsy.com/c/clothing-and-shoes?ref=catnav-10923"
                },
                {
                    "url": "https://www.etsy.com/search?q=apple%20watch"
                },
                {
                    "url": "https://www.etsy.com/shop/PetitePraise?ref=simple-shop-header-name&listing_id=490831663"
                }
            ]
        },
        "includeDescription": {
            "title": "Include Description",
            "type": "boolean",
            "description": "If you want to fetch the full description for each listing. This option can increase the scrape time.",
            "default": false
        },
        "includeVariationPrices": {
            "title": "Include Variation Prices. (Increases the runtime/requests dramatically)",
            "type": "boolean",
            "description": "Include variation prices for products. It includes all the prices for all the variations of a product. Please be aware that this option increases the runtime dramatically.",
            "default": false
        },
        "maximumNumberOfItems": {
            "title": "Maximum number of items",
            "type": "integer",
            "description": "Maximum number of items to scrape.",
            "minimum": 1,
            "default": 10
        },
        "categoryEndPage": {
            "title": "Category end page",
            "type": "integer",
            "description": "Maximum page number to scrape for category/search/shop results.",
            "minimum": 1,
            "default": 1
        },
        "search": {
            "title": "Search",
            "type": "string",
            "description": "Search keyword(s) to query on Etsy. Alternative to providing search URLs in Start URLs.",
            "editor": "textfield",
            "sectionCaption": "Search",
            "sectionDescription": "Enter search keywords to search on Etsy"
        },
        "extendOutputFunction": {
            "title": "Extend output function",
            "type": "string",
            "description": "A function that allows you to add custom fields to the output using Cheerio ($).",
            "editor": "javascript",
            "prefill": "($) => {\n    const result = {};\n    // Uncomment to add a title to the output\n    // result.title = $('title').text().trim();\n\n    return result;\n}",
            "sectionCaption": "Advanced options"
        },
        "customMapFunction": {
            "title": "Custom map function",
            "type": "string",
            "description": "A function that takes each result object and allows you to modify it.",
            "editor": "javascript",
            "prefill": "(object) => { return {...object} }"
        },
        "proxy": {
            "title": "Proxy configuration (required)",
            "type": "object",
            "description": "IP addresses located in people's homes and offices. This type of proxy has the lowest chance of getting blocked and the best geographical coverage.",
            "editor": "proxy",
            "sectionCaption": "Proxy configuration",
            "default": {
                "useApifyProxy": true,
                "apifyProxyGroups": [
                    "RESIDENTIAL"
                ]
            }
        }
    }
}